basomrade,year,ekbist_18_64_tot_male
1010120_skeppsbron,2017,0
1010130_munkbron,2017,0
1010140_stortorget,2017,0
1010220_klara_kyrka,2017,0
1010230_centralposten,2017,0
1010250_brunkeberg,2017,0
1010290_oxtorget,2017,0
1010310_norrlandsgatan,2017,0
1110112_brunnsgatan_s,2017,0
1110120_johannes_kyrka,2017,0
1110220_vanadislunden,2017,10
1110230_surbrunnsomradet,2017,0
1110240_norra_real,2017,0
1120110_tegnerlunden,2017,0
1120131_norra_bantorget_o,2017,0
1120132_norra_bantorget_v,2017,0
1120210_kungssten,2017,0
1120220_saltmatargatan,2017,0
1120230_sjokatten,2017,0
1130110_atlasomradet,2017,0
1130120_gustav_vasa_kyrka,2017,0
1130130_observatoriegatan,2017,0
1130140_sabbatsberg,2017,13
1130170_betlehemskyrkan,2017,0
1140110_norrtull,2017,0
1140120_tre_liljor,2017,0
1140140_halsingehojden,2017,0
1140150_centralgaraget,2017,0
1140210_norra_station_1_norra_station_2,2017,0
1140220_birkagarden,2017,0
1140230_rorstrand,2017,0
1140240_rodaberget,2017,83
1140250_s_t_eriksplan,2017,0
1210110_roslagstull,2017,0
1210120_larkstaden,2017,0
1210131_danderydsplan_v,2017,0
1210132_danderydsplan_o,2017,0
1210140_eriksberg,2017,0
1210151_stureplan_o,2017,0
1210161_humlegarden_o,2017,0
1210171_stureparken_o,2017,0
1210172_stureparken_v,2017,10
1210210_roslagstulls_sjukhus,2017,0
1210220_ostra_station,2017,0
1210320_ekhagen,2017,0
1210410_centrala_hjorthagen,2017,0
1220110_ostermalmshallen,2017,0
1220130_ostermalmstorg,2017,0
1220140_skvalberget,2017,0
1220150_tyskbagaromradet,2017,0
1220160_hedvig_eleonora_kyrka,2017,0
1220170_kronkvarnen,2017,0
1230110_karlaplan,2017,0
1230130_strandvagen,2017,0
1230140_oscarskyrkan,2017,0
1230161_gustav_adolfskyrkan_v,2017,0
1230162_gustav_adolfskyrkan_o,2017,0
1230210_djurgardsstaden,2017,0
1230300_hastgardet,2017,0
1230310_olaus_petri_kyrka,2017,0
1230320_tessinparken,2017,0
1230330_smedsbacken,2017,16
1230350_kampementsbacken,2017,0
1230360_oregrundsgatan,2017,0
1310100_stadshuset,2017,0
1310110_eira,2017,0
1310120_kungsklippan,2017,0
1310130_kungsbroplan,2017,0
1310150_landstingshuset,2017,0
1310160_pontonjarparken,2017,0
1310170_s_t_eriks_sjukhus,2017,0
1310180_wargentinsgatan,2017,0
1310190_kronoberg,2017,0
1320110_karlsvik,2017,0
1320120_hemmet,2017,0
1320130_fridhemsplan,2017,0
1320140_s_t_eriksgatan,2017,24
1320150_alstromergatan,2017,12
1320220_svedbergsplan,2017,0
1320310_ostra_stadshagen,2017,73
1320410_vastra_kristineberg,2017,11
1320420_thorildsplan,2017,0
1320500_fredhall,2017,15
1330100_lilla_essingen,2017,11
1330200_stora_essingen,2017,0
1410110_mariaberget,2017,0
1410120_maria_kyrka,2017,0
1410130_swedenborgsgatan,2017,22
1410140_gullfjardsplan,2017,0
1410150_bergsgruvan,2017,0
1410210_sodra_station_vast,2017,0
1410220_sodra_station_ost,2017,0
1420110_hogalidskyrkan,2017,0
1420120_skinnarviksringen,2017,0
1420130_ludvigsberg,2017,0
1420140_bergsund,2017,33
1420210_hornstull,2017,14
1420220_bysistappan,2017,0
1420230_sodra_namndhuset,2017,10
1420240_zinkensdamm,2017,10
1420310_sodersjukhuset,2017,0
1420320_tanto,2017,0
1420330_skoldgatan_syd,2017,0
1420360_skoldgatan_nord,2017,0
1420410_langholmen,2017,0
1420420_reimersholme,2017,0
1430120_vastra_aso,2017,128
1430130_blekingetappan,2017,10
1430140_helgalunden,2017,14
1430150_eriksdal,2017,10
1430160_asotorget,2017,0
1430180_rosenlund,2017,0
1430210_mosebacke,2017,0
1430220_ostra_aso,2017,149
1430230_katarina_kyrka,2017,10
1430240_bjurholmsplan,2017,28
1430250_nytorget,2017,12
1440110_ersta,2017,0
1440120_sofia_kyrka,2017,24
1440210_tullgarden,2017,0
1440220_vita_bergen,2017,14
1440230_blecktornet,2017,17
1440240_vintertullen,2017,137
1440250_barnangen,2017,0
1440260_mjardgrand,2017,0
1440311_danviken_n,2017,0
1440312_danviken_s,2017,0
2110120_sankt_sigfrid,2017,30
2110130_ornsberg_nord_ost,2017,0
2110140_vinterviken,2017,17
2110150_ornsberg_syd_ost,2017,0
2110220_ostra_grondal,2017,36
2110230_ekensberg,2017,0
2110310_axelsbergs_torg,2017,15
2110320_klubbacken,2017,0
2110330_axelsberg_syd_ost,2017,0
2110340_stensborg,2017,0
2110350_sankt_mickelsgatan,2017,0
2110370_ornsberg_syd_vast,2017,0
2110380_hagerstenshamnen,2017,0
2110390_axelsberg_nord,2017,33
2110520_norra_hagerstensasen,2017,12
2110530_sodra_hagerstensasen,2017,33
2110620_nybohov,2017,77
2110660_lovholmen,2017,0
2110681_nyboda_o,2017,0
2110720_svandammen,2017,84
2110730_fastlagsvagen,2017,17
2110740_telefonplan,2017,13
2110810_norra_malarhojden,2017,0
2110820_gulddragaren,2017,0
2110920_karusellvagen,2017,16
2110940_hokmossen,2017,11
2120100_fruangen,2017,80
2120201_herrangen_v,2017,0
2120202_herrangen_o,2017,0
2120300_liseberg,2017,0
2120401_langbro_v,2017,0
2120402_langbro_o,2017,13
2120500_langsjo,2017,0
2120620_norra_solberga,2017,85
2120630_vastra_solberga,2017,0
2120660_sodra_solberga,2017,34
2120700_vastertorp,2017,150
2120820_vastra_alvsjo,2017,0
2120900_orby_slott,2017,0
2121020_ostbergahojden_ostbergavagen,2017,50
2130100_bandhagen,2017,75
2130210_hogdalens_centrum,2017,0
2130220_ostra_hogdalen,2017,58
2130230_vastra_hogdalen,2017,0
2130240_skebokvarnsvagen,2017,40
2130320_ragsveds_torg,2017,118
2130330_bjursatra,2017,134
2130340_snosatra,2017,40
2130420_backaskiftsvagen,2017,15
2130430_ostra_stureby,2017,10
2130440_vastra_stureby,2017,0
2130501_orby_n,2017,0
2130502_orby_s,2017,0
2130620_hagsatra_torg,2017,132
2130630_ormkarr,2017,0
2140120_ostra_enskedefaltet,2017,0
2140210_vastra_enskede_gard,2017,23
2140220_tradskolan,2017,0
2140320_enskede_kyrka,2017,17
2140330_svampvagen,2017,16
2140340_sandsborg,2017,11
2140350_dalen,2017,49
2140620_gullmarsplan,2017,10
2140630_skarmarbrink,2017,33
2140820_skanskvarn,2017,27
2140830_arsta_centrum,2017,15
2140840_arsta_gard,2017,21
2140850_valla_garde,2017,15
2150100_bjorkhagen,2017,42
2150200_enskededalen,2017,10
2150400_hammarbyhojden,2017,68
2150500_karrtorp,2017,39
2150720_pungpinan,2017,0
2150731_skarpnacksfaltet_o,2017,50
2150732_skarpnacksfaltet_v,2017,68
2150740_skarpa_by,2017,34
2150820_lagaplan,2017,78
2150840_norra_bagarmossen,2017,52
2160120_havsornstorget,2017,38
2160130_fagersjovagen,2017,0
2160220_sodra_farsta,2017,47
2160230_vastra_farsta,2017,0
2160240_ostra_farsta,2017,59
2160260_norra_farsta,2017,85
2160320_ullerudsbacken,2017,38
2160330_farsta_gard,2017,0
2160520_gubbangstorget,2017,42
2160530_gubbangens_gard,2017,59
2160620_vastra_hokarangen,2017,95
2160630_sondagsvagen,2017,42
2160640_lingvagen,2017,22
2160720_vastra_larsboda,2017,0
2160760_ostra_larsboda,2017,134
2160820_bagarfruvagen,2017,24
2160830_vastra_skondal,2017,26
2160840_norra_skondal,2017,0
2160850_stora_skondal,2017,191
2160920_sodra_svedmyra,2017,14
2161020_norra_tallkrogen,2017,25
2161030_sodra_tallkrogen,2017,0
2170120_bredangs_alle,2017,132
2170130_yttre_bredang,2017,0
2170220_satra_torg,2017,96
2170230_norra_satra,2017,14
2170310_skarholmens_centrum,2017,64
2170321_skarholmens_gard,2017,0
2170322_mellersta_skarholmen,2017,109
2170330_sodra_skarholmen,2017,0
2170420_ostra_varberg,2017,165
2170430_vastra_varberg,2017,27
2210120_norra_abrahamsberg,2017,13
2210130_sodra_abrahamsberg,2017,0
2210200_beckomberga,2017,19
2210300_blackeberg,2017,130
2210400_bromma_kyrka,2017,0
2210500_ballsta,2017,10
2210600_eneby,2017,0
2210700_mariehall,2017,43
2210830_runstensplan,2017,0
2210840_angbylunden,2017,0
2210850_attehagen,2017,0
2210860_akeshovsbadet,2017,0
2210920_sodra_riksby,2017,19
2211220_johannesfred,2017,18
2211300_akeshov,2017,0
2211420_ostra_akeslund,2017,0
2211460_vastra_akeslund,2017,0
2220100_alvik,2017,0
2220300_nockeby,2017,0
2220400_nockebyhov,2017,14
2220600_smedslatten,2017,0
2220700_stora_mossen,2017,0
2220820_sodra_traneberg,2017,18
2220830_norra_traneberg,2017,13
2220840_minneberg,2017,0
2220900_ulvsunda,2017,13
2221000_alsten,2017,0
2221100_appelviken,2017,0
2230100_grimsta,2017,120
2230200_kalvesta,2017,0
2230300_nalsta,2017,15
2230420_vastra_racksta,2017,40
2230430_ostra_racksta,2017,34
2230440_racksta_sjukhus,2017,137
2230520_norra_vinsta,2017,26
2230560_sodra_vinsta,2017,14
2230610_vallingby_centrum,2017,13
2230620_sodra_vallingby,2017,80
2230630_norra_vallingby,2017,0
2240121_sodra_bromsten_n,2017,0
2240130_norra_bromsten,2017,64
2240200_flysta,2017,0
2240520_norra_rinkeby_kvarnby_norra_rinkeby_askeby,2017,344
2240530_sodra_rinkeby_knutby_sodra_rinkeby_bredby,2017,217
2240621_solhojden,2017,15
2240622_spanga_torg,2017,0
2240631_solhems_villastad_vast,2017,0
2240632_spanga_gymnasium,2017,0
2240640_solhems_villastad_nord,2017,0
2240650_logvagen_erland,2017,0
2240700_sundby,2017,0
2240820_norra_tensta_spanga_kyrkvag_norra_tensta_tensta_alle,2017,318
2240830_sodra_tensta_spanga_kyrka_sodra_tensta_tensta_kyrka,2017,131
2240840_hjulsta,2017,110
2250120_hasselby_torg,2017,123
2250130_vastra_hasselby_gard,2017,0
2250140_sodra_hasselby_gard,2017,115
2250200_hasselby_strand,2017,125
2250310_backlura,2017,0
2250320_trollboda,2017,0
2250332_hasselby_villastrand,2017,0
2250340_hasselby_kyrka,2017,10
2250350_akermyntan,2017,0
2250370_radisvagen,2017,0
2250380_smedshagen,2017,35
2260120_centrala_akalla,2017,86
2260130_sodra_akalla,2017,13
2260220_norra_husby,2017,55
2260230_sodra_husby,2017,222
2260310_kista_centrum,2017,13
2260320_ovre_kista,2017,42
2260330_nedre_kista,2017,11
3110110_ostra_enebyberg,2017,15
3110120_vastra_enebyberg,2017,0
3110260_satra,2017,0
3110270_nora,2017,0
3110280_klingsta,2017,0
3110330_morbyskogen,2017,0
3110340_kevinge,2017,0
3110370_morbylund,2017,10
3110430_norra_djursholm,2017,0
3110440_sodra_djursholm,2017,0
3110450_osby,2017,0
3110460_ekeby,2017,39
3110510_norra_stocksund,2017,0
3110530_inverness,2017,0
3110540_sodra_stocksund,2017,16
3110610_klockargarden,2017,0
3110620_berga,2017,0
3210100_drottningholm,2017,0
3210500_lovo_glesbygd,2017,0
3220101_tappstrom_narlunda,2017,10
3220102_ostra_narlunda,2017,0
3220103_ekero_centrum,2017,43
3220211_alvnas,2017,0
3220212_brunna,2017,13
3220230_knalleborg,2017,0
3220261_ostra_trakvista,2017,0
3220262_gallsta_o,2017,0
3220500_ekero_glesbygd,2017,0
3230000_munso_forsamling,2017,0
3240000_adelso_forsamling,2017,0
3250100_farentuna_fd_forsamling,2017,0
3250201_hilleshogs_fd_forsamling,2017,16
3250202_ricksattra,2017,0
3250310_stenhamra,2017,33
3250320_sanga_glesbygd,2017,0
3250400_ska_fd_forsamling,2017,0
3311110_staket,2017,0
3312220_vastra_kallhall,2017,29
3312230_skogstorp,2017,0
3312240_norra_kallhall,2017,11
3312260_termosvagen,2017,45
3312270_ladersatra,2017,14
3312300_molnsattra,2017,0
3324100_olovslund,2017,14
3324200_berghem,2017,0
3324310_sodra_nibble,2017,59
3324320_norra_nibble,2017,20
3324410_tallbohov,2017,182
3324420_hammaren,2017,65
3324430_jakobsbergs_centrum,2017,89
3324500_vibblaby,2017,33
3335100_norra_viksjo,2017,26
3335210_ostra_viksjo,2017,0
3335220_viksjo_centrum,2017,18
3335310_ostra_lund,2017,0
3335320_vastra_lund,2017,13
3335410_ostra_sandvik,2017,0
3335420_sandvik,2017,0
3335600_fjallen,2017,0
3346110_skalby,2017,15
3346120_ormbacka,2017,0
3346200_skalby_gard,2017,0
3347300_jarfalla_kyrka,2017,0
3347400_barkrby,2017,18
3347500_barsbro,2017,0
3411110_norra_sticklinge,2017,0
3411120_sodra_sticklinge,2017,0
3411310_vastra_naset,2017,0
3411320_ostra_naset,2017,0
3411520_bjornbo,2017,0
3411610_boson,2017,0
3411620_rudboda,2017,0
3412100_elfvik,2017,0
3413110_torsviksplatan,2017,0
3413120_lidingo_centrum,2017,0
3413130_stureplatan,2017,0
3413150_torsviks_torg,2017,0
3413210_bredablick,2017,0
3413230_sodra_hersby,2017,0
3413240_hersbyholm,2017,10
3413300_stockby,2017,0
3413410_baggeby,2017,0
3413420_bodal,2017,0
3413500_larsberg,2017,29
3413600_mosstorp,2017,0
3413710_centrala_gangsatra,2017,27
3413810_bergsatra,2017,0
3413820_centrala_skrsatra,2017,0
3413830_kottla_molna_kappsta,2017,0
3414210_centrala_kappala,2017,20
3414240_killinge,2017,0
3414310_brevik,2017,0
3414320_hogberga,2017,0
3510110_gamla_marsta,2017,13
3510120_marsta_kyrka,2017,0
3510130_tingvalla,2017,39
3510140_ekillatorp,2017,0
3510150_sodra_ekilla,2017,23
3510160_marsta_centrum,2017,16
3510210_ostra_norrbacka,2017,25
3510220_vastra_norrbacka,2017,0
3510260_norra_ekilla,2017,0
3510280_satuna,2017,13
3510450_marsta_vastra_glesbygd_marsta_maby,2017,0
3522020_ostra_sigtuna,2017,12
3522030_gamla_sigtuna,2017,0
3522040_brannbo,2017,0
3522050_prastangen_och_hallsbo,2017,0
3522060_sjudargarden,2017,0
3532010_munkholmen,2017,0
3534030_sankt_olofs_glesbygd_pilsbo,2017,0
3551110_norra_valsta,2017,38
3551120_valsta_centrum,2017,79
3551130_sodra_valsta,2017,0
3551140_ostra_steninge,2017,0
3551150_steninge_gard,2017,0
3560210_rosersbergs_bostadsomr,2017,11
3560500_rosersbergs_nya_arbetsomr_arlanda_stad_ost_norrsunda_glesbygd_brista_varmeverk,2017,0
3560610_sodra_skanela,2017,0
3580210_ostra_lunda,2017,0
3580300_vidbo_fd_forsamling,2017,0
3610120_gillberga,2017,0
3610140_rotsunda,2017,33
3610170_rotebro_centrum,2017,39
3610180_rotsunda_gard,2017,27
3610210_vastra_viby,2017,0
3610230_ostra_viby,2017,0
3610310_vastra_norrviken,2017,13
3610330_ostra_norrviken,2017,0
3610400_vaxmora,2017,0
3610510_klasro,2017,13
3610530_haggviks_centrum,2017,17
3610540_skalby,2017,0
3610610_edsbergs_centrum,2017,120
3610650_ovriga_edsberg,2017,15
3610660_landsnora,2017,0
3610670_vasjoomradet,2017,0
3610730_turebergs_industriomr,2017,13
3610750_fagelsangen,2017,0
3610760_tojnan,2017,0
3610770_nytorp,2017,0
3610780_skansen,2017,0
3610830_sjoberg,2017,0
3610920_ostra_helenelund,2017,0
3610940_helenelunds_centrum,2017,33
3610951_vastra_helenelund,2017,0
3612710_bagarby,2017,104
3710110_jarvafaltet_jarvastaden_norra_jarvastaden_sodra_jarvastaden_ostra,2017,0
3710120_vastra_ritorp,2017,0
3710130_ostra_ritorp,2017,0
3710141_sodra_frosunda_norra_frosunda,2017,0
3710143_ballongberget,2017,0
3710150_bangarden_nationalarenan,2017,0
3710160_bagartorp,2017,28
3710170_rastahem,2017,0
3710180_agnesberg,2017,0
3710310_norra_bergshamra,2017,0
3710320_bergshamra_torg,2017,11
3710330_stocksundstorp,2017,0
3710340_ostra_bergshamra,2017,0
3710350_sodra_bergshamra,2017,0
3710360_kungshamra,2017,0
3710420_karolinska_sjukhuset_nya_karolinska_solna_kyrkby,2017,0
3710430_karolinska_institutet,2017,0
3710520_jungfrudansen,2017,0
3710530_sodra_huvusta,2017,141
3710540_vastra_skogen,2017,0
3710550_gamla_huvusta,2017,0
3710570_huvudstafaltet,2017,12
3710580_pampas_marina_ingenting,2017,0
3720610_solna_station_stora_frosunda_brahelund,2017,27
3720620_blakulla,2017,18
3720630_rudviken_vastra_hagalund,2017,0
3720710_rasunda_kyrka_sodra_rasunda,2017,0
3720720_filmstaden,2017,0
3720730_skogskronet,2017,14
3720740_rasundaskolan_rasundastadion,2017,0
3720750_charlottenburg,2017,0
3720760_sodra_vasalund,2017,10
3720770_norra_vasalund,2017,0
3720780_ekensberg,2017,0
3720790_hallen,2017,0
3720910_skytteholm,2017,0
3720920_albygard,2017,0
3720930_solna_centrum,2017,0
3720940_hanneberg,2017,0
3720950_albydal,2017,0
3810100_lilla_alby,2017,28
3810220_rasten,2017,0
3810230_sundbybergs_centrum,2017,17
3810240_starrbacksgatan,2017,11
3810300_storskogen,2017,24
3810320_tule,2017,0
3810400_duvbo,2017,0
3810410_hasthagen,2017,0
3810500_or,2017,22
3810610_hallonbergen,2017,148
3810720_rissne_norra_arbetsomrade,2017,0
3810740_norra_rissne,2017,58
3810750_sodra_rissne,2017,43
3810810_ursviks_smahusomrade,2017,0
3810821_kymlinge_brotorp_stora_ursvik_norra,2017,0
3910110_vastra_nasbypark,2017,0
3910120_ornstigen,2017,0
3910130_nasbyparks_centrum,2017,25
3910140_nasby_slott,2017,0
3910170_ostra_nasbypark,2017,0
3910190_lahall,2017,0
3910210_nasbydal,2017,0
3910220_grindtorp,2017,0
3910240_taby_centrum,2017,22
3910270_marknadsvagen,2017,0
3910280_akerbyvagen,2017,0
3910320_viggbygardet,2017,0
3910330_mellersta_viggbyholm,2017,0
3910370_norra_hagernas,2017,11
3910380_sodra_hagernas,2017,17
3910480_norra_landsbygden,2017,0
3910730_ella,2017,0
3910770_vastra_ensta,2017,0
3910780_ostra_ensta,2017,0
3910790_kullagrand,2017,10
3910820_sodra_ellagard,2017,0
3910840_vastra_ellagard,2017,0
3910910_skarpang,2017,0
3910920_gripsvall,2017,0
3911010_ostra_roslags_nasby,2017,0
3911020_vastra_roslags_nasby,2017,0
3911510_lansen,2017,0
3911530_gribbylunds_centrum,2017,20
3911540_norra_gribbylund,2017,0
3911620_vastra_vallabrink,2017,0
3911660_visinge,2017,0
3911670_vallatorp,2017,0
3911680_erikslund,2017,0
3911750_taby_kyrka,2017,0
3911760_midgard,2017,36
3911780_ostra_taby_kyrkby,2017,0
3911790_runborg,2017,0
4010120_skallsta_vastra_raby_garde,2017,0
4010130_gamla_bro_tatort,2017,0
4010140_bro_centrum,2017,148
4010500_kockbacka_bro_glesbygd_ostra_bro_sodra_bro,2017,0
4020000_lassa_forsamling,2017,0
4050100_habo_tibble_kyrkby,2017,0
4050200_mariedal_nashagen,2017,0
4050500_habo_tibble_glesbygd,2017,0
4060000_hatuna_forsamling,2017,0
4070110_sodra_kungsangen,2017,15
4070120_norra_kungsangen,2017,32
4070130_tibblehojden,2017,0
4070150_tibbleangen,2017,15
4070160_sylta,2017,0
4070170_kungsangens_glesbygd_rankhus,2017,0
4070210_brunna_tatort,2017,13
4111110_norra_runby,2017,53
4111120_sodra_runby,2017,0
4111130_runby_lovsta,2017,0
4111140_prastgardsmarken,2017,0
4111900_eds_glesbygd,2017,0
4122100_lowenstromska_sjukhuset,2017,14
4122210_norra_vilunda,2017,0
4122230_apoteksskogen,2017,49
4122240_vasbyskogen,2017,27
4122310_korpkulla,2017,21
4122340_vilunda,2017,22
4122420_norra_smedby,2017,34
4122430_sodra_smedby,2017,15
4122520_skalby,2017,0
4122530_carlslund,2017,21
4122540_brunnby,2017,0
4122600_vastra_odenslunda,2017,0
4133110_sanda,2017,0
4133120_ostra_odenslunda,2017,0
4133200_frestaby,2017,0
4133310_vastra_bollstanas,2017,0
4133330_ostra_bollstanas,2017,0
4133350_sodra_bollstanas,2017,0
4133910_fresta_norra_glesbygd,2017,0
4133920_fresta_sodra_glesbygd,2017,0
4210110_centrala_vallentuna,2017,51
4210210_norra_vallentuna_tatort,2017,35
4210220_nv_a_vallentuna_tatort,2017,0
4210320_ostra_ormsta,2017,0
4210330_vastra_ormsta,2017,0
4210340_aby_bostadsomrade,2017,0
4210410_vastra_ballsta,2017,0
4210420_kragstalund,2017,0
4210430_ballstaberg,2017,0
4210440_karlberg_rickeby_okvista,2017,0
4210510_vallentuna_glesbygd_v,2017,0
4210530_vallentuna_glesbygd_no,2017,0
4210540_ostra_vallentuna_tatort_vallentuna_glesbygd_so,2017,0
4220000_markims_forsamling,2017,0
4230100_lindholmen,2017,0
4240000_frosunda_forsamling,2017,0
4250100_karsta,2017,0
4250200_ekskogen,2017,14
4250500_karsta_glesbygd,2017,0
4270100_karby,2017,0
4270200_brottby,2017,0
4270501_ovr_osseby_garns_glesbygd,2017,21
4270502_algeby_garns_ekskogen,2017,0
4280000_angarns_forsamling,2017,0
4311441_bogesund,2017,0
4311460_karlsudd,2017,0
4311610_ostra_vaxon,2017,27
4311620_vastra_vaxon,2017,27
4311650_engarn_storang,2017,0
4311661_ytterby_overby,2017,0
4311810_rindo_centrum,2017,0
4311820_rindo,2017,0
4311830_skarpo,2017,0
4440110_ljustero,2017,10
4440200_roslags_kulla_fd_forsaml,2017,0
4450110_ekbacken,2017,0
4450120_runo_gard,2017,20
4450130_akersberga,2017,84
4450140_kullen,2017,0
4450150_ostra_sora,2017,0
4450160_vastra_sora,2017,0
4450170_neptunus,2017,0
4450180_kungsangen,2017,0
4450190_tunagard_osterskar,2017,0
4450210_akerstorp,2017,0
4450220_smedby,2017,13
4450230_hacksta,2017,20
4450240_skansta,2017,0
4450260_asatra,2017,0
4450310_margretelund,2017,0
4450320_trasatra,2017,0
4450330_flaxenvik,2017,0
4450340_skargardsstad,2017,0
4451231_sodra_runo_sodra_runotaljo_sodra_runo_nas,2017,55
4451240_norra_runo,2017,0
4451250_svinninge,2017,0
4451420_svartgarn,2017,0
5110110_albyslatten,2017,106
5110120_albyberget,2017,64
5110150_rotemannen,2017,0
5110160_alby_gard,2017,13
5110260_ostra_eriksberg,2017,14
5110270_vastra_eriksberg,2017,0
5110280_tre_kallor,2017,0
5110290_sturehov,2017,0
5110311_krogarvagen_vardshusvagen,2017,74
5110312_forvagen,2017,37
5110320_fittja_gard,2017,0
5110410_sodra_hallunda,2017,44
5110420_slagsta,2017,0
5110430_brunna,2017,0
5110450_sodra_norsborg,2017,172
5110460_tornbergsfaltet,2017,0
5110480_nordostra_norsborg,2017,0
5110490_nordvastra_norsborg,2017,0
5120730_tumba_centrum,2017,17
5120750_segersjo,2017,16
5120780_tumba_villastad,2017,0
5120790_skacklinge,2017,12
5120810_storvreten,2017,136
5120820_blockvagen,2017,0
5120840_vedstigen,2017,0
5120910_tumba_bruk,2017,0
5120920_tumba_glesbygd,2017,0
5120930_kommunalhuset,2017,11
5120940_tuna,2017,34
5120950_nackdala,2017,0
5120970_loviseberg,2017,0
5130810_uttran,2017,0
5130820_varsta,2017,0
5130830_grodinge_glesbygd,2017,0
5140110_tullinge_villastad,2017,0
5140620_tullingeberg,2017,0
5140641_tullinge_parkhem,2017,0
5140642_lanthem_n,2017,33
5140650_tullinge_centrum,2017,14
5140660_banslatt,2017,0
5140690_tullinge_glesbygd_riksten,2017,0
5140711_tullinge_skog,2017,0
5140712_lanthem_s,2017,0
5211120_gudo,2017,12
5211131_sodra_vendelso,2017,0
5211132_sagen,2017,12
5211140_norra_vendelso,2017,0
5211150_dalen,2017,0
5211210_vendelsomalm,2017,0
5211220_eriksberg,2017,0
5211230_ramsdalen,2017,0
5211320_brandbergens_industriomr,2017,0
5211330_brandbergen_flerbost_hus,2017,149
5211340_brandbergen_smahus,2017,0
5211430_kolartorp,2017,10
5211440_vega_vega_soderhagen,2017,0
5211450_kvarntorp_kvarntorp_v_gamla_nynasvagen,2017,0
5211511_haninge_centrum,2017,39
5211512_vastra_handen,2017,37
5211520_norra_handen,2017,0
5211540_valla,2017,45
5211550_sodra_handen,2017,67
5211610_jordbro_flerbostadshus,2017,182
5211620_jordbro_smahus,2017,12
5211710_norrby,2017,0
5211800_norra_soderby,2017,0
5211920_galo_sandemar,2017,27
5211930_tyresta,2017,0
5211940_osterhaninge_kyrka,2017,0
5211950_arsta_havsbad_o,2017,0
5222100_dalaro,2017,0
5233000_uto,2017,0
5255110_aby,2017,97
5255121_jagartorp,2017,0
5255130_vasterhaninge_kyrka,2017,18
5255140_ribby,2017,0
5255150_nedersta_nodesta,2017,0
5255210_norra_tungelsta,2017,13
5255220_sodra_tungelsta,2017,0
5255910_vasterhaninge_glesbygd_n,2017,0
5255920_vasterhaninge_glesbygd_s,2017,0
5255930_arsta_havsbad_v_berga,2017,0
5260000_musko_forsamling,2017,0
5310420_skogsang_milsten,2017,12
5310810_fullersta_gard,2017,0
5310830_fridhem,2017,10
5310840_kallbrink_vistaberg,2017,0
5310850_vardkasen,2017,0
5310910_sjodalen_huddinge_c,2017,40
5310941_solgard,2017,0
5310942_sorskogen,2017,0
5310950_horningsns_balingsnas,2017,0
5311010_stuvsta_kvarnberget,2017,0
5311030_segersminne,2017,0
5311041_stensangen_hogmora,2017,0
5311042_kynas,2017,10
5311110_glado_kvarn,2017,0
5311120_adran,2017,0
5320110_trangsunds_centrum,2017,30
5320120_trangsunds_smahus,2017,11
5320310_vastra_skogas,2017,81
5320320_ostra_skogas,2017,12
5320410_lanna_drevviken,2017,0
5320510_trangsunds_glesbygd,2017,0
5320520_vidja,2017,0
5330110_varby_gard,2017,131
5330200_masmo,2017,58
5330331_smista_juringe,2017,0
5330332_jakobslund,2017,0
5330340_krakvik,2017,10
5330410_utsalje,2017,0
5330430_snattringe_gard,2017,0
5340500_glomsta,2017,0
5340630_kasta,2017,0
5340640_grantorp,2017,108
5340710_visattra,2017,79
5411010_henriksdal,2017,20
5411020_finnberget,2017,0
5411030_kvarnholmen,2017,0
5411040_danviken,2017,32
5411100_alphyddan,2017,0
5411110_finntorp,2017,20
5411130_ekudden,2017,0
5411140_jarla_industriomr,2017,0
5411200_sickla_industriomr,2017,0
5411210_tallbacken,2017,0
5411220_nysatra,2017,0
5411320_jarlaberg,2017,33
5411340_nacka_strand,2017,0
5411410_nacka_centrum,2017,16
5411500_storangen,2017,0
5411610_skuru,2017,0
5411700_skogalund,2017,0
5411710_vastra_ektorp,2017,19
5411720_ostra_ektorp,2017,18
5411740_saltangen,2017,0
5411800_duvnas,2017,0
5411900_hasthagen,2017,0
5413001_fisksatra_sm,2017,13
5413002_fisksatra_fh,2017,141
5414100_kolarangen,2017,0
5414200_alta_gard,2017,0
5414300_stenso,2017,39
5414310_hedvigslund,2017,11
5423100_igelboda,2017,10
5423202_saltsjobaden_centrum,2017,15
5423230_tattby,2017,0
5423300_neglingeon,2017,0
5423400_solsidan,2017,0
5423500_algo,2017,0
5432000_norra_bjorknas,2017,0
5432020_sodra_bjorknas,2017,11
5432030_klinten,2017,0
5432100_eknas,2017,42
5432200_vastra_kummelnas,2017,0
5432220_ostra_kummelnas,2017,0
5432300_kil,2017,0
5432400_krokhojden,2017,0
5432410_orminge,2017,121
5432500_mensattra,2017,0
5432600_kallvagen,2017,0
5432610_eriksvik,2017,0
5432700_norra_lannersta,2017,0
5432710_sodra_lannersta,2017,0
5432810_boo_gard,2017,0
5432900_gustavsvik,2017,0
5511000_vastra_trollbacken,2017,0
5511120_centrala_trollbacken,2017,0
5511130_sodergarden,2017,0
5511140_skalsatra,2017,0
5511150_norra_hanviken,2017,0
5512010_norra_lindalen,2017,0
5513010_tyreso_centrum,2017,0
5513020_simvagen,2017,0
5513110_granitvagen,2017,15
5513120_pluggvagen,2017,0
5513140_mellanbergsvagen,2017,20
5513150_granangsringen,2017,40
5513160_vastra_farmarstigen,2017,0
5513170_ostra_farmarstigen,2017,18
5513210_ostra_bollmora,2017,0
5513220_bondevagen,2017,0
5513310_norra_bollmora,2017,0
5513330_vastra_fardala,2017,0
5514000_krusboda,2017,10
5515010_oringe,2017,11
5515120_strand_norr_tyreso_strand_centrum_strand_syd_gimmersta,2017,0
5515210_vissvass_raksta_solberga_bergholm,2017,0
5515220_inre_brevik_yttre_brevik,2017,0
5610200_mortnas,2017,0
5610500_gustavsbergs_glesbygd_gustavsbergs_glesbygd_v,2017,39
5611110_munkmora,2017,47
5611120_lugnet_flerbostadshus,2017,32
5611130_lugnet_smahus,2017,0
5611140_hojdhagen,2017,0
5611150_sodra_gustavsberg_hasthagen,2017,27
5611160_osby_grind,2017,0
5611170_osbydalen,2017,0
5611190_holmviksskogen,2017,0
5620100_brunn,2017,0
5620510_norra_ingaro_sodra_farstalandet,2017,0
5620520_sydvastra_ingaro,2017,0
5620530_langvik_klacknaset_skalsmara,2017,0
5630110_hemmesta,2017,0
5630120_fruvik,2017,0
5630130_hemmestahojden,2017,18
5630200_angsvik,2017,0
5630300_skepsdalsstrom,2017,0
5630400_kopparmora,2017,0
5630510_norra_varmdo_torsby_evlinge_saltaro_skarmaro,2017,20
5630520_sodra_varmdolandet_stromma_bullando_alvsala_fagerdala_fagelbrolandet,2017,0
5630600_varmdo_norra_skargard,2017,0
5640100_djurhamn,2017,0
5640200_stavsnas,2017,18
5640510_stavsnas_glesbygd,2017,0
5640520_djuro_glesbygd,2017,0
5640600_djuro_skargard,2017,0
5650000_moja_forsamling,2017,0
5711010_soderby_garde,2017,0
5711020_soderby_park,2017,10
5711110_skyttorp,2017,11
5711120_skogsang,2017,0
5711130_soderby,2017,0
5711200_salems_centrum,2017,50
5712110_norra_ronninge,2017,0
5712210_uttringe,2017,0
5712220_ostra_ronninge,2017,0
5712300_ronninge_centrum,2017,0
5713000_salems_glesbygd,2017,0
6110310_norrtalje_centrum,2017,0
6110320_fagelsangen,2017,11
6110330_vastra_rodenstaden,2017,46
6110340_ostra_rodenstaden,2017,13
6110350_norgegardet,2017,25
6110360_roslagsstaden,2017,0
6110410_grossgardet,2017,39
6110430_sodra_bergen,2017,40
6110440_vastra_kvisthamra,2017,0
6110450_kvisthamra,2017,0
6121000_malsta_forsamling,2017,0
6122000_loharads_forsamling,2017,0
6123100_svanberga,2017,0
6123210_farsna,2017,0
6123220_sodra_estuna,2017,0
6123500_estuna_glesbygd,2017,0
6125000_roslags_bro,2017,0
6126500_vato_fastland,2017,0
6126600_vato,2017,0
6131501_radmansolandet,2017,0
6131502_graddo,2017,0
6132120_osthamra,2017,0
6132200_frotuna,2017,0
6132501_frotuna_o_glesbygd,2017,0
6132502_spillersboda,2017,0
6133200_kopmanholm,2017,0
6133600_yxlan,2017,0
6133700_blido,2017,0
6134100_bergshamra,2017,0
6134510_lanna_fastland,2017,10
6134520_svartno,2017,0
6135000_riala_forsamling,2017,0
6141110_sodra_rimbo,2017,26
6141120_hasta,2017,11
6141130_vastertorp,2017,32
6141500_rimbo_glesbygd,2017,0
6142100_ranas,2017,0
6142500_fasterna_glesbygd,2017,0
6143100_edsbro,2017,0
6143500_edsbro_glesbygd,2017,0
6144000_skederids_forsamling,2017,0
6145000_husby_sjuhundra,2017,0
6146000_ro_forsamling,2017,0
6147000_nartuna_forsamling,2017,0
6148000_gottrora_forsamling,2017,0
6151100_ostra_hallstavik,2017,115
6151200_herrang,2017,20
6151500_havero_glesbygd,2017,23
6152100_vastra_hallstavik,2017,13
6152500_edebo_glesbygd,2017,0
6154100_skebobruk,2017,0
6154500_ununge_glesbygd,2017,0
6161000_singo_forsamling,2017,0
6162100_almsta,2017,12
6162200_grisslehamn,2017,0
6162510_vaddo_fastland,2017,0
6162520_vaddo,2017,15
6163500_bjorko,2017,0
6164100_soderby_karl,2017,0
6164500_soderby_karls_glesbygd,2017,0
6210240_nicksta,2017,59
6210270_kallsmo,2017,0
6210350_vastra_nynashamn_c,2017,44
6210360_ostra_nynashamn_c,2017,26
6210410_nynashamn_sv_esto,2017,24
6210440_sandhamn_mm,2017,0
6210490_trehorningen_mm,2017,18
6210520_vaktberget,2017,0
6210570_rappsta_hacktorp,2017,0
6220100_sorunda,2017,0
6220200_stora_vika,2017,12
6220300_grodby,2017,0
6220510_liso,2017,0
6220520_sorunda_vastra_glesbygd,2017,0
6220530_sorunda_ostra_glesbygd,2017,0
6230000_toro_forsamling,2017,0
6240100_osmo,2017,61
6240510_jarflotta,2017,0
6240530_osmo_ostra_glesbygd,2017,0
6240540_osmo_vastra_glesbygd,2017,0
6240550_osmo_norra_glesbygd,2017,0
6310110_ostra_centrum,2017,18
6310120_vastra_centrum,2017,19
6310130_kvarnberga,2017,87
6310170_vardsholmen,2017,13
6310320_blombacka,2017,72
6310330_mariekalla,2017,20
6310340_saltskog,2017,52
6310351_sodra_vastergard,2017,0
6310352_norra_vastergard,2017,29
6310353_vastra_vastergard,2017,0
6310360_barstafaltet,2017,0
6310370_barstabergen,2017,17
6310422_stationsomradet_sodra,2017,0
6320510_vastra_grusasen,2017,26
6320520_ostra_grusasen,2017,66
6320541_sodra_brunnsang,2017,57
6320542_norra_brunnsang,2017,0
6320550_ragnhildsborg,2017,0
6320611_kusens_backe,2017,0
6320612_sjukhuset,2017,12
6320621_ostra_rosenlund,2017,35
6320622_rosenborg,2017,0
6320940_viksberg,2017,0
6321720_ostertalje,2017,0
6321740_fornhojden,2017,120
6330210_karlhov,2017,25
6330220_sodra_ronna,2017,75
6330230_norra_ronna,2017,260
6330250_lina_hage,2017,29
6330380_norra_geneta,2017,141
6330391_vastra_geneta,2017,0
6330392_ostra_geneta,2017,0
6341410_pershagen,2017,0
6341430_tveta_glesbygd,2017,0
6341451_hovsjo,2017,186
6351200_enhorna_glesbygd,2017,0
6381100_molnbo,2017,0
6381500_vardinge_glesbygd,2017,0
6382100_jarna,2017,60
6382500_overjarna_glesbygd,2017,0
6383000_ytterjarna_forsamling,2017,0
6391100_holo,2017,0
6391500_holo_glesbygd,2017,0
6392000_morko_forsamling,2017,0
6410100_nykvarn,2017,69
6410500_turinge_glesbygd,2017,12
6420000_taxinge_forsamling,2017,0
